{"cameraMode":{"drawMode":0,"name":"Shaded","section":"Shading Mode"},"sceneLighting":false,"audioPlay":false,"sceneViewState":{"m_AlwaysRefresh":false,"showFog":true,"showSkybox":false,"showFlares":true,"showImageEffects":true,"showParticleSystems":true,"showVisualEffectGraphs":true,"m_FxEnabled":true},"in2DMode":false,"pivot":{"x":-0.00452364981174469,"y":0.3739550709724426,"z":-0.03377881646156311},"rotation":{"x":0.015823008492588998,"y":-0.499344140291214,"z":0.0092152776196599,"w":0.8663270473480225},"size":0.5350503325462341,"orthographic":false}