{"cameraMode":{"drawMode":0,"name":"Shaded","section":"Shading Mode"},"sceneLighting":false,"audioPlay":false,"sceneViewState":{"m_AlwaysRefresh":false,"showFog":true,"showSkybox":false,"showFlares":true,"showImageEffects":true,"showParticleSystems":true,"showVisualEffectGraphs":true,"m_FxEnabled":true},"in2DMode":false,"pivot":{"x":0.000013470649719238281,"y":0.866883397102356,"z":-0.08787286281585694},"rotation":{"x":-0.13910003006458283,"y":0.7536593079566956,"z":-0.1691848188638687,"w":-0.6197412610054016},"size":1.1183663606643677,"orthographic":false}