{"cameraMode":{"drawMode":0,"name":"Shaded","section":"Shading Mode"},"sceneLighting":false,"audioPlay":false,"sceneViewState":{"m_AlwaysRefresh":false,"showFog":true,"showSkybox":false,"showFlares":true,"showImageEffects":true,"showParticleSystems":true,"showVisualEffectGraphs":true,"m_FxEnabled":true},"in2DMode":false,"pivot":{"x":0.23981177806854249,"y":0.10101960599422455,"z":0.8390754461288452},"rotation":{"x":-0.19606736302375794,"y":0.5765253305435181,"z":-0.14494751393795014,"w":-0.7798606157302856},"size":0.3836306631565094,"orthographic":false}