{"cameraMode":{"drawMode":0,"name":"Shaded","section":"Shading Mode"},"sceneLighting":false,"audioPlay":false,"sceneViewState":{"m_AlwaysRefresh":false,"showFog":true,"showSkybox":false,"showFlares":true,"showImageEffects":true,"showParticleSystems":true,"showVisualEffectGraphs":true,"m_FxEnabled":true},"in2DMode":false,"pivot":{"x":0.018909871578216554,"y":0.1551782190799713,"z":0.014695852994918824},"rotation":{"x":-0.0037657844368368389,"y":0.9952629804611206,"z":-0.08711756765842438,"w":-0.043021440505981448},"size":0.4316948652267456,"orthographic":false}