{"cameraMode":{"drawMode":0,"name":"Shaded","section":"Shading Mode"},"sceneLighting":false,"audioPlay":false,"sceneViewState":{"m_AlwaysRefresh":false,"showFog":true,"showSkybox":false,"showFlares":true,"showImageEffects":true,"showParticleSystems":true,"showVisualEffectGraphs":true,"m_FxEnabled":true},"in2DMode":false,"pivot":{"x":-62.47100067138672,"y":2.0967397689819338,"z":-74.3792724609375},"rotation":{"x":0.0011436959030106664,"y":0.9988544583320618,"z":-0.037783797830343249,"w":0.030275044962763788},"size":41.931514739990237,"orthographic":false}