{"cameraMode":{"drawMode":0,"name":"Shaded","section":"Shading Mode"},"sceneLighting":false,"audioPlay":false,"sceneViewState":{"m_AlwaysRefresh":false,"showFog":true,"showSkybox":false,"showFlares":true,"showImageEffects":true,"showParticleSystems":true,"showVisualEffectGraphs":true,"m_FxEnabled":true},"in2DMode":false,"pivot":{"x":13.332258224487305,"y":8.240767478942871,"z":46.86651611328125},"rotation":{"x":-0.010178523138165474,"y":0.0539693608880043,"z":0.0005176471313461661,"w":0.9985266923904419},"size":38.91074752807617,"orthographic":false}