{"cameraMode":{"drawMode":0,"name":"Shaded","section":"Shading Mode"},"sceneLighting":true,"audioPlay":false,"sceneViewState":{"m_AlwaysRefresh":false,"showFog":true,"showSkybox":false,"showFlares":true,"showImageEffects":true,"showParticleSystems":true,"showVisualEffectGraphs":true,"m_FxEnabled":true},"in2DMode":false,"pivot":{"x":-101.52863311767578,"y":4.489845275878906,"z":-12.399862289428711},"rotation":{"x":0.021940942853689195,"y":-0.9725557565689087,"z":0.10279998928308487,"w":0.20759013295173646},"size":17.736419677734376,"orthographic":false}