{"cameraMode":{"drawMode":0,"name":"Shaded","section":"Shading Mode"},"sceneLighting":false,"audioPlay":false,"sceneViewState":{"m_AlwaysRefresh":false,"showFog":true,"showSkybox":false,"showFlares":true,"showImageEffects":true,"showParticleSystems":true,"showVisualEffectGraphs":true,"m_FxEnabled":true},"in2DMode":false,"pivot":{"x":0.0012054443359375,"y":0.11593878269195557,"z":-2.546541213989258},"rotation":{"x":-0.09690303355455399,"y":0.8951741456985474,"z":-0.23794814944267274,"w":-0.3644852340221405},"size":3.8417418003082277,"orthographic":false}